fips,county_name,poverty_rate,median_hh_income,unemployment_rate,snap_rate,rent_burden_rate,pct_no_hs,pct_hs_grad,pct_bachelor_plus,uninsured_rate
06001,"Alameda County, California",9.22,129367,5.36,9.93,48.2,3.24,13.78,52.25,4
06003,"Alpine County, California",9.96,105521,4.42,9.66,7.37,0,14.48,41.1,3.7
06005,"Amador County, California",8.19,88044,5.4,9.79,40.41,0.99,23.35,22.42,4.9
06007,"Butte County, California",19.25,67928,7.45,16.02,55.68,1.9,19.27,31.92,6.4
06009,"Calaveras County, California",13,78647,4.51,9.55,52.15,0.97,26.67,23.87,5
06011,"Colusa County, California",11.39,75672,9.78,16.36,50.81,6.31,24.17,16.39,8
06013,"Contra Costa County, California",8.36,127229,6.48,8.48,53.4,2.67,15.7,45.23,4.6
06015,"Del Norte County, California",12.95,67058,6.36,22.8,54.23,1,20.41,21.39,5.5
06017,"El Dorado County, California",7.99,108845,4.49,6.52,50.19,1.01,17.98,40.02,3.9
06019,"Fresno County, California",18.31,74201,8.67,21.84,51.96,5.02,20.09,24.27,6.7
06021,"Glenn County, California",15.95,67139,8.02,14.68,43.75,4.08,30.17,15.12,8.5
06023,"Humboldt County, California",18.67,61160,8.98,21.01,55.81,1.26,19.4,33.13,4.9
06025,"Imperial County, California",19.53,57681,12.46,28.65,49.61,4.79,21.15,16.07,6
06027,"Inyo County, California",10.88,73991,2.47,8.53,31.47,0.44,23.06,31.5,7
06029,"Kern County, California",19.11,70210,8.57,20.16,52.64,4,24.29,18.77,7.8
06031,"Kings County, California",15.98,70995,9.86,19.99,45.05,3.18,25.83,13.64,7.3
06033,"Lake County, California",16.97,60621,11.05,24.32,55.62,1.74,24.1,17.83,6.9
06035,"Lassen County, California",13.96,67403,8.3,13.4,40.24,1.63,22.01,13.09,6.4
06037,"Los Angeles County, California",13.74,90112,7.26,14.43,54.83,4.68,18.16,36.01,8.2
06039,"Madera County, California",19.2,76627,10.1,21.74,52.23,5.97,20.23,17.91,7.4
06041,"Marin County, California",8.31,149091,6.09,5.45,52.91,2.32,8.98,61.13,3.8
06043,"Mariposa County, California",14.04,68412,5.96,13.36,42.8,0.72,17.45,31.81,5.2
06045,"Mendocino County, California",15.36,68092,9.02,17.43,49.71,2.57,23.89,25.15,7.7
06047,"Merced County, California",19.09,65510,10.54,21.04,46.93,5.94,26.32,15.33,8.1
06049,"Modoc County, California",17.9,59455,7.56,13.96,33.51,2.59,26.33,24.82,10
06051,"Mono County, California",8.55,99415,3.02,4.63,40.38,0.79,18.33,32.15,8.8
06053,"Monterey County, California",12.73,97230,5.04,9.63,53.11,4.36,17.37,28.21,9.6
06055,"Napa County, California",8.46,111471,5.2,6.88,52.19,4.39,14.68,39.79,5.7
06057,"Nevada County, California",11.01,89882,5.42,8.06,51.42,0.99,16.44,41.55,5.3
06059,"Orange County, California",9.5,116289,5.4,8.49,54.01,3.41,15.5,44.08,6.4
06061,"Placer County, California",6.76,115998,4.77,5.73,54.77,1.08,15.49,43.18,3.2
06063,"Plumas County, California",10.6,66031,9.13,13.47,42.97,1.23,25.94,22.55,5.8
06065,"Riverside County, California",10.62,93074,6.47,12.53,56.22,3.28,23.6,25.57,7.7
06067,"Sacramento County, California",12.5,92175,6.69,14.21,53.3,3.62,18.56,34.13,4.9
06069,"San Benito County, California",6.67,114394,5.38,10.55,44.67,3.16,23.34,24.09,6
06071,"San Bernardino County, California",13.35,85478,7.01,15.82,55.41,3.48,25.3,23.3,8
06073,"San Diego County, California",10.28,106268,5.81,9.95,55.29,2.75,15.45,43.16,6.4
06075,"San Francisco County, California",11.15,140970,6.09,11.42,37.79,3.78,9.68,60.34,3.3
06077,"San Joaquin County, California",12.41,92179,7.55,15.59,50.46,4.88,23.6,22.75,6.3
06079,"San Luis Obispo County, California",12.91,97446,5.46,8.19,54.04,1.45,15.64,39.84,5.7
06081,"San Mateo County, California",6.71,158855,4.77,5.07,46.39,3.03,12.82,53.67,3.8
06083,"Santa Barbara County, California",14.74,98161,6.34,10.89,54.78,3.82,14.76,36.81,8.7
06085,"Santa Clara County, California",7.11,164281,4.86,6.58,43.32,3.1,11.76,56.5,3.9
06087,"Santa Cruz County, California",11.62,111093,6.12,9.89,48.74,2.14,13.33,43.94,4.9
06089,"Shasta County, California",13.29,72636,6.31,13.43,49.15,1.39,22.84,23.77,6.5
06091,"Sierra County, California",4.44,63355,12.63,9.76,25.59,0,18.51,25.81,13.7
06093,"Siskiyou County, California",16.38,59095,7.88,15.48,52.21,1,23.77,23.33,6
06095,"Solano County, California",9.99,100401,6.31,11.35,57.2,2.65,20.9,28.76,4.8
06097,"Sonoma County, California",8.89,104674,5.69,8.01,51.66,2.66,16.45,38.49,5.1
06099,"Stanislaus County, California",13.53,81468,7.97,15.52,50.42,4.25,25.57,19.65,5.6
06101,"Sutter County, California",14.43,79704,7.05,13.17,49.13,5.69,20.96,20.91,6.4
06103,"Tehama County, California",15.56,63784,5.84,13.95,49.74,2.02,27.19,19.29,6.6
06105,"Trinity County, California",20.7,53002,8.33,11.08,25.4,0.52,32.88,22.41,9.3
06107,"Tulare County, California",17.89,71300,9.3,24.1,46.88,5.59,24.11,16.64,8.1
06109,"Tuolumne County, California",10.44,77404,8.22,11.73,53.67,0.98,20.45,24.61,5.3
06111,"Ventura County, California",9.34,109797,5.67,8.54,55.59,3.06,17.07,36.13,7.3
06113,"Yolo County, California",16.69,91752,6.09,13.13,55.42,2.49,15.38,44.81,4.8
06115,"Yuba County, California",14.18,76373,6.4,19.26,48.68,4.58,23.18,17.74,6.4
