fips,locationname,inactivity_pct,colorectal_screen_pct,diabetes_pct,mammography_pct,uninsured_places,smoking_pct,asthma_pct,hypertension_pct,depression_pct,copd_pct,obesity_pct
06029,Kern,31.9,52.7,13.3,73.4,16.7,14.6,10.3,32,22.8,6.4,36
06041,Marin,18.2,65.4,10.2,78.3,5.5,8.2,9.4,32.6,20.6,5.3,21.3
06051,Mono,21.5,62.7,10.5,77.4,8.2,11.7,9.9,31.5,22.8,6,31.2
06009,Calaveras,24.8,65.4,13.2,74.8,7.1,13.4,10.3,37.8,23.2,8.4,29.8
06011,Colusa,30.3,55.1,13.4,75,17.6,13.4,9.8,32,21.6,6.4,35
06055,Napa,23.5,63.1,11.4,73.8,9.7,10.4,9.5,33,20.8,5.7,27.9
06027,Inyo,22.9,66,12.4,75.5,7.9,12,10.2,35.1,22.2,6.9,28.2
06013,Contra Costa,23.7,64,11.3,75.9,7.8,9.3,9.4,31.2,19.1,4.7,28
06065,Riverside,27.3,55.9,12.4,79.5,12.7,11.5,9.5,33.3,21.7,5.4,36.8
06001,Alameda,20.6,59.5,11,74.5,7.1,9.3,8.8,28.5,18.6,4.1,22.8
06057,Nevada,20.4,66.8,11.5,76.9,5.6,11,10.2,37.5,23,7.2,27.5
06045,Mendocino,26,61.7,13.7,74.3,10.3,14.3,10.6,38.5,23,8.5,29.3
06039,Madera,31.7,57.4,13.5,73,17.9,14.8,10.4,33.2,21.8,7.2,36.5
06019,Fresno,30.9,54.3,12.7,71.6,14.6,13.2,9.9,31.7,21.4,6,37.7
06059,Orange,24.1,58.2,11.5,79.6,8.9,9.2,9,29.1,19,4.7,23.9
06049,Modoc,27.5,64.9,14.9,74.5,8.6,14.8,10.8,41.3,23.9,9.9,31.9
06005,Amador,22.7,65,11.8,76.4,7.5,12.2,10,37.6,21.7,7.1,29.6
06023,Humboldt,23.7,61.4,11.4,72.5,7.5,14.2,11,32.9,26.1,7.6,31.3
06015,Del Norte,25.6,61.7,12.5,73.6,9.7,15,10.8,36,23.5,8.1,31
06035,Lassen,26.1,59.3,11.5,73,12,15.9,10.3,33.7,22.9,7.6,34.2
06033,Lake,27.8,62.6,14.1,72.7,10.1,15.2,10.8,39.6,24,9.1,32.7
06043,Mariposa,24.6,65.7,13.5,70.3,7.3,12.6,10.3,39,22.6,8.4,30.5
06053,Monterey,27,57.7,12.5,72.6,15.9,11.9,9.6,32,19.2,5.7,31.1
06069,San Benito,25.3,59.5,11.3,74.6,13.9,10.9,9.2,29.9,20.2,4.7,31.5
06061,Placer,19.1,63.6,9.8,80,5.6,9.4,9.9,32.7,21.3,5.2,27.3
06031,Kings,30.4,54.2,12.1,73,17.6,14.8,9.8,30.4,21.1,5.9,34.7
06067,Sacramento,21.5,61.1,11.2,71.7,8.7,11.8,10.2,30.9,22.5,5.6,29.6
06021,Glenn,28,57.8,12.6,72.2,13.7,13.9,10.1,32.7,22.6,7.1,32.1
06003,Alpine,19.4,68.6,11.6,74.5,5.7,11,10.2,35.7,21.7,6.4,28.4
06007,Butte,22.8,63.2,10.7,74.3,8.3,12.8,10.5,32.2,25.6,6.8,29.3
06025,Imperial,35.2,49.3,15,71.8,22.1,12.9,9.2,33.2,19.9,5.7,34.7
06037,Los Angeles,26.2,53,12.6,74.4,11.7,11.2,9.1,30.2,19,4.9,26.5
06017,El Dorado,19.5,67.9,10.8,76.6,5.7,10.4,9.8,33.6,22.3,6,27.7
06071,San Bernardino,26.3,54.3,12.1,73.9,14.3,12.3,9.9,31.9,19.6,5.2,33.3
06047,Merced,33.2,53.2,13,68.9,18.2,14.1,9.8,31.2,21.5,6.1,33.8
06063,Plumas,24,69.2,13.5,80.2,6.4,13,10.6,40.4,23.4,8.7,29.9
06095,Solano,25.1,60.5,12.1,77.1,9.1,11.3,10.1,33.3,19.4,5.3,31.3
06105,Trinity,28.4,63.4,15.9,73.2,7,16.9,11,43.7,24.8,11.3,33.3
06097,Sonoma,21.2,62.8,10.7,77,8.4,10.6,9.8,31.6,22.9,5.8,26.1
06115,Yuba,26,58.5,11.3,76,11,14.5,10.4,30.9,23.7,6.5,30.8
06101,Sutter,27.7,54.4,12.8,72.4,11.9,13.9,10,33.3,21.5,6.8,29.5
06087,Santa Cruz,20.7,64,10.2,77.9,8.7,10,9.8,30.5,22.8,5.4,25.8
06085,Santa Clara,22.2,58.7,10.5,78.7,6.8,8.1,7.9,27,17.8,3.5,21.9
06083,Santa Barbara,24.1,61.8,10.8,71.4,11.7,10.7,9.7,30.4,21.7,5.6,26.1
06111,Ventura,23.6,62,11.4,75.2,10.3,10.4,9.5,30.7,20.6,5.2,25.7
06099,Stanislaus,30.3,56.4,11.9,77.3,14,13.4,10,31.8,20.9,6.1,36.4
06091,Sierra,27.3,66.4,15.3,78.4,7.5,15.1,10.6,42.8,23.2,10.2,32.5
06079,San Luis Obispo,20.1,64.8,10,76.6,7.5,10.2,9.9,31.8,22.8,5.8,26.1
06113,Yolo,22.4,60.8,9.3,71.7,8.9,9.8,9.8,26,23.6,4.7,25.7
06077,San Joaquin,26.1,52.5,12.3,76.6,12.8,12.6,9.5,30.4,19.6,5.5,30.7
06109,Tuolumne,23,67.6,12.1,77.2,7,12.3,10.3,36.8,23.6,7.6,29
06073,San Diego,20.6,61.4,10,76.3,8.7,10,8.9,28.7,21.1,4.7,25.3
06107,Tulare,32.6,49.6,13.1,73.7,18.2,14,10,31.2,22.3,6.1,35
06093,Siskiyou,25.8,62.7,13.9,73.8,7.6,14.4,11,39.4,24,9.1,31.8
06081,San Mateo,20.2,63.9,10.6,79.3,6.6,8,8.5,29.2,18.1,4,22.3
06075,San Francisco,19.2,61.9,10.2,78.6,6.3,8.8,8.4,27,19.4,3.9,17.2
06103,Tehama,27.4,59.7,13,72.8,10.8,15.1,10.7,35.9,24.1,8.4,31.6
06089,Shasta,22.2,61.7,11.7,73.4,7.1,13.8,10.8,35.9,24.3,7.6,29.3
