fips,county_name,svi_overall,svi_socioeco,svi_hh_char,svi_minority,svi_housing,pct_poverty,pct_unemp_svi,pct_uninsured_svi
06001,Alameda County,0.2807,0.0877,0.0702,0.8421,0.8596,14.1,4.9,4
06003,Alpine County,0.1579,0.1228,0.4386,0.4386,0.1579,18.3,4.9,6.4
06005,Amador County,0.2281,0.2632,0.1754,0.1754,0.5088,14.8,6,4.8
06007,Butte County,0.5965,0.6491,0.4561,0.2632,0.807,28.2,7.1,6.6
06009,Calaveras County,0.0702,0.4035,0.2807,0.0877,0,21.4,6.2,5.8
06011,Colusa County,0.6842,0.7719,0.9825,0.7368,0.1053,22.6,7.4,9.1
06013,Contra Costa County,0.1754,0.1053,0.4211,0.6316,0.1404,13.5,5.8,4.7
06015,Del Norte County,0.614,0.5263,0.4737,0.4035,0.9298,25.3,6.3,6.1
06017,El Dorado County,0.0175,0.0702,0.1053,0.1579,0.0175,13.7,4.6,4.2
06019,Fresno County,0.9474,0.9123,0.8947,0.9123,0.8421,30.8,8.6,7.2
06021,Glenn County,0.6667,0.8596,0.6842,0.5088,0.193,25.9,7.7,10.9
06023,Humboldt County,0.6491,0.7544,0.5088,0.2105,0.6316,29.8,9.2,6.1
06025,Imperial County,1,1,1,1,0.9825,35.5,13.2,6.8
06027,Inyo County,0.2982,0.2456,0.3509,0.4211,0.3684,19.7,4.9,6.7
06029,Kern County,0.9649,0.9474,0.807,0.7895,0.9649,32.2,8.4,7.8
06031,Kings County,0.8947,0.8947,0.8246,0.8246,0.7018,27.8,9.2,7.4
06033,Lake County,0.7544,0.8421,0.7895,0.2982,0.3333,28.5,10.4,6.5
06035,Lassen County,0.5614,0.7018,0.3158,0.3509,0.614,23.6,7.9,7.4
06037,Los Angeles County,0.8596,0.8246,0.386,0.9649,0.9474,22.7,7,9
06039,Madera County,0.9298,0.9298,0.9649,0.7719,0.6491,30.9,11.1,7.6
06041,Marin County,0.0526,0.0526,0.1228,0.2281,0.2105,10.4,5.8,3.7
06043,Mariposa County,0.5439,0.4737,0.7544,0.1228,0.6667,24.4,6.2,7.2
06045,Mendocino County,0.8772,0.8772,0.8772,0.3684,0.7719,25.4,9.1,9.2
06047,Merced County,0.9825,0.9825,0.9474,0.9649,0.7895,30,10.7,9
06049,Modoc County,0.5789,0.5789,0.7193,0.1404,0.5789,27.2,7.6,8.7
06051,Mono County,0.1404,0.3333,0,0.3333,0.5088,15.6,1.9,14.7
06053,Monterey County,0.807,0.6316,0.614,0.8947,0.8772,21.5,5.3,9.9
06055,Napa County,0.4386,0.2281,0.4035,0.4912,0.7193,14.1,5.2,6.1
06057,Nevada County,0.0351,0.1754,0.1404,0.0175,0.0702,17.4,4.4,5.6
06059,Orange County,0.3684,0.3509,0.2982,0.6491,0.4211,16.1,5.4,6.9
06061,Placer County,0,0,0.2281,0.2456,0.0175,11,4.3,3.3
06063,Plumas County,0.1228,0.2807,0.2632,0.0351,0.1228,18,8,5
06065,Riverside County,0.614,0.614,0.6667,0.7544,0.4035,19.7,6.7,8.1
06067,Sacramento County,0.5263,0.4211,0.6491,0.614,0.4737,20.9,6.3,5.2
06069,San Benito County,0.2632,0.3158,0.5614,0.807,0.0877,14.4,6.2,6.2
06071,San Bernardino County,0.8246,0.807,0.5965,0.9474,0.5965,23.5,7.2,8.6
06073,San Diego County,0.4912,0.4386,0.2281,0.5439,0.7368,17.5,6.3,7.3
06075,San Francisco County,0.3158,0.1228,0.0526,0.6842,0.8772,16.2,5.4,3.6
06077,San Joaquin County,0.7368,0.5614,0.7719,0.8772,0.5614,21.8,7.2,6.5
06079,San Luis Obispo County,0.2105,0.2105,0.193,0.2807,0.3509,18.2,5,5.9
06081,San Mateo County,0.0877,0.0175,0.0175,0.7018,0.4912,10.3,4.5,3.8
06083,Santa Barbara County,0.8421,0.6667,0.5789,0.5965,1,22.6,6,9.6
06085,Santa Clara County,0.193,0.0351,0.0351,0.8596,0.7544,11,4.4,4
06087,Santa Cruz County,0.3509,0.2807,0.1579,0.4561,0.807,17.9,5.9,5.4
06089,Shasta County,0.5088,0.4912,0.7018,0.1053,0.5439,21.6,6.6,6.6
06091,Sierra County,0.1053,0.4561,0.2105,0,0.0526,19.8,5.6,10.9
06093,Siskiyou County,0.4737,0.5965,0.5263,0.193,0.2982,26.9,7.4,7.1
06095,Solano County,0.3333,0.193,0.6316,0.7193,0.2632,14.8,5.9,4.9
06097,Sonoma County,0.2456,0.1579,0.3333,0.386,0.3158,14.4,5.2,5.6
06099,Stanislaus County,0.7193,0.7368,0.8421,0.6491,0.2807,23.7,8.2,6.1
06101,Sutter County,0.7719,0.7193,0.9298,0.5789,0.2456,23.6,7.6,6.2
06103,Tehama County,0.7018,0.6842,0.9123,0.3158,0.4386,28,7.4,6.6
06105,Trinity County,0.4211,0.5439,0.4737,0.0702,0.1754,34,7.4,13.2
06107,Tulare County,0.9123,0.9649,0.8596,0.9298,0.386,31.5,9,7.9
06109,Tuolumne County,0.4035,0.5088,0.3684,0.0526,0.4561,17.9,8.3,6
06111,Ventura County,0.386,0.386,0.5263,0.5614,0.2281,15.6,5.3,8.2
06113,Yolo County,0.4561,0.3684,0.0877,0.5263,0.9123,24.7,5.3,4.7
06115,Yuba County,0.7895,0.7895,0.7368,0.4737,0.6842,25.5,7.4,6.9
