fips,eji_overall,eji_env_burden,eji_social_vuln,eji_health_vuln,n_tracts
06001,0.3978,0.6252,0.4267,0.0683,378
06003,0.6169,0.4801,0.6093,0.4,1
06005,0.6589,0.5983,0.5168,0.5,10
06007,0.7,0.6492,0.6466,0.437,54
06009,0.5232,0.3512,0.5076,0.5,14
06011,0.7856,0.718,0.8868,0.3,6
06013,0.3473,0.518,0.392,0.1071,241
06015,0.597,0.2479,0.7223,0.525,8
06017,0.3715,0.4225,0.3579,0.2764,55
06019,0.7056,0.7292,0.7306,0.3271,225
06021,0.7843,0.7625,0.8078,0.325,8
06023,0.6173,0.3522,0.6733,0.5029,35
06025,0.769,0.5986,0.8609,0.445,40
06027,0.5363,0.3394,0.685,0.3333,6
06029,0.6735,0.6861,0.6896,0.3373,236
06031,0.7077,0.7644,0.7451,0.2903,31
06033,0.6629,0.2768,0.7571,0.6286,21
06035,0.6204,0.3947,0.7082,0.4444,9
06037,0.6536,0.8264,0.6224,0.1853,2495
06039,0.7376,0.6894,0.7604,0.3765,34
06041,0.2388,0.313,0.3114,0.1903,62
06043,0.6248,0.3857,0.675,0.4667,6
06045,0.6814,0.4246,0.7945,0.4696,23
06047,0.7981,0.7773,0.8261,0.3492,63
06049,0.8199,0.5373,0.7951,0.65,4
06051,0.4223,0.363,0.5892,0.2,4
06053,0.456,0.4017,0.6171,0.2175,103
06055,0.4054,0.4224,0.5326,0.17,40
06057,0.5148,0.5649,0.4131,0.3615,26
06059,0.5039,0.7565,0.4599,0.0972,613
06061,0.3882,0.6213,0.3059,0.1674,92
06063,0.5793,0.3708,0.5272,0.5429,7
06065,0.5329,0.5333,0.607,0.2375,518
06067,0.6024,0.7605,0.5389,0.2303,363
06069,0.3578,0.4426,0.5392,0.0667,12
06071,0.6306,0.6659,0.6491,0.2768,466
06073,0.4335,0.5751,0.4767,0.1293,736
06075,0.3696,0.6122,0.4048,0.0645,242
06077,0.666,0.7864,0.6725,0.2241,174
06079,0.3441,0.3139,0.4979,0.2145,69
06081,0.3123,0.571,0.3408,0.0428,173
06083,0.5026,0.5234,0.5854,0.2,108
06085,0.3855,0.6751,0.3744,0.0426,408
06087,0.3977,0.4587,0.4986,0.1739,69
06089,0.6869,0.6247,0.6105,0.48,50
06091,0.7571,0.7006,0.6759,0.4,1
06093,0.7686,0.556,0.7112,0.625,16
06095,0.4118,0.5041,0.4986,0.142,100
06097,0.3748,0.4068,0.4646,0.1983,121
06099,0.7143,0.7987,0.7035,0.2786,112
06101,0.7286,0.8275,0.741,0.2286,21
06103,0.8386,0.7154,0.7972,0.5714,14
06105,0.7502,0.3752,0.765,0.65,4
06107,0.7985,0.8298,0.8074,0.3282,103
06109,0.616,0.4586,0.5934,0.4556,18
06111,0.4718,0.6008,0.5104,0.1545,189
06113,0.4732,0.6626,0.487,0.1208,53
06115,0.7039,0.7038,0.6884,0.3684,19
