fips,pct_lila_tracts,mean_dist_supermarket,pct_no_vehicle_far
06001,3.06,51.0556,1.57
06003,0,100,6.02
06005,0,85.7348,3.05
06007,27.45,73.7921,2.31
06009,0,88.3222,2.43
06011,20,73.6474,2.58
06013,7.25,64.3609,1.28
06015,28.57,82.5635,5.07
06017,4.76,86.762200000000007,1.7
06019,13.57,62.5668,1.94
06021,33.33,85.4654,3.2
06023,23.33,69.5552,2.27
06025,29.03,71.6599,2.65
06027,16.67,77.2001,1.74
06029,17.88,62.7459,1.97
06031,18.52,69.9735,1.17
06033,6.67,80.4036,2.94
06035,33.33,83.1192,2.01
06037,2.61,47.7146,1.06
06039,13.04,81.6762,2.72
06041,0,53.8283,0.56
06043,0,93.3568,2.49
06045,30,71.957,2.4
06047,26.53,63.4323,2.26
06049,50,89.2053,0.98
06051,0,85.3497,2.16
06053,3.23,56.5503,0.97
06055,0,66.591,1.98
06057,30,88.5437,1.53
06059,1.03,49.5687,0.62
06061,4.76,73.6121,1.47
06063,0,80.604,1.67
06065,13.47,70.0542,1.25
06067,7.89,59.8745,1.24
06069,36.36,62.5529,1.11
06071,21.74,65.5199,2.04
06073,3.99,58.9695,0.83
06075,1.54,32.5994,6.89
06077,10.07,59.9739,1.62
06079,1.89,71.9426,1.27
06081,0,47.0782,0.87
06083,4.49,60.5557,0.85
06085,1.61,49.3041,0.96
06087,13.46,64.9559,1.49
06089,22.92,79.3386,2.43
06091,0,100,4.1
06093,35.71,83.8155,3.67
06095,4.17,61.6441,0.83
06097,4.04,59.8816,1.16
06099,9.57,53.5951,1.52
06101,19.05,72.4415,2.22
06103,54.55,86.3643,3.39
06105,40,93.3144,4.51
06107,20.51,61.0761,1.64
06109,0,89.3714,2.19
06111,5.2,57.8375,0.86
06113,2.44,49.0966,0.77
06115,28.57,79.6692,3
