fips,premature_death,poor_health_days,poor_mental_days,social_associations,voter_turnout,adult_smoking,adult_obesity,food_insecurity
06001,5217.153956,3.8422362146,5.3320567738,7.0227262543,70.58904411,10.100000000000001,19.400000000000002,9.6
06003,27650.288753,4.4077414406,5.8573248394,0,83.72881356,13.4,29.9,12.3
06005,7567.0889858,4.3934964947,5.7026042145,7.2442770212,69.36401803999999,13.3,27.3,11.1
06007,9315.6316083,4.8944546293,6.1778189174,8.0076023984,59.72963483,14.2,31.5,14.6
06009,7926.2637477,4.7668852133,6.0115033085,8.8052745742,72.67959866,14.799999999999999,29.4,13.100000000000001
06011,6184.0873816,5.2337210228,5.9830893069,5.0196221594,62.883096370000004,14.7,32.2,15.6
06013,5577.0858174,3.9461303924,5.1478808915,5.4712065869,75.10785232,10.5,28.4,9.2
06015,11532.764664,5.1262329692,6.1820699065,3.3232405288,55.84105314,19.2,33.800000000000004,14.6
06017,6326.7138053,3.7839470727,5.2220606917,6.0733158228,79.80145644,10.6,24.8,9.9
06019,9008.14375,5.0375110591,5.9953952187,5.4374058058,60.45525708,14.2,39,16.2
06021,9722.9427626,5.1646725357,6.1463182226,9.1746356611,64.68365302,15.6,34.1,14.099999999999998
06023,9668.4104689,4.8996975061,6.3216521423,9.110436264,64.38137099,17.299999999999997,33.1,15.8
06025,8703.3035356,5.7002900254,5.8926336354,4.7002736231,54.87452251,14.000000000000002,38.5,21
06027,10430.905432,4.5787598072,5.7494464163,5.3424511166,69.83799705,13.8,29.9,12.9
06029,10697.187205,5.0315084453,5.7283201794,4.2571399879,57.62618445,16.6,35.9,15.9
06031,8187.5172369,5.184848728,5.9941440804,3.5952177068,47.051062,16.3,31.900000000000002,15.1
06033,12236.877358,5.0091885569,6.1170745601,5.7192298104,59.92512479,14.099999999999998,30.7,15.4
06035,11257.584967,5.0749773825,6.1640001677,4.6816479401,48.976506640000004,16.900000000000002,32.800000000000004,13.700000000000001
06037,6746.4426092,4.6108325173,5.5694706835,6.1196538924,66.96921155999999,10.6,26.200000000000003,13.200000000000001
06039,8647.5122922,5.5914420532,6.2436376222,4.4304113419,57.55972148,15.2,35.199999999999996,15.8
06041,4149.4124394,3.8047724355,5.0332974498,9.0228030842,84.034837,7.5,23.5,8.7
06043,9759.3288204,4.6375876299,5.9768592698,8.2256169213,73.08922858,16.900000000000002,32.300000000000004,14.299999999999999
06045,10092.92427,4.8391460871,6.2375346228,8.2420948286,69.46069397,14.499999999999998,29.4,15.1
06047,8849.4618855,5.377656236,5.9190111447,3.6205148717,59.51235542,18,34.5,16.6
06049,13302.421752,4.9370595823,6.1582357202,3.5248501939,63.867647059999996,14.099999999999998,30,15.1
06051,4738.8510165,4.3092847695,5.6681806171,3.8526737556,66.15611193,12.6,29.099999999999998,10.299999999999999
06053,6114.4568796,4.8677469588,5.8128527499,5.5214412117,69.230087,13.900000000000002,32.800000000000004,13
06055,5209.6739061,4.1255434229,5.3078431818,7.8183172003,74.98830744,12.9,28.7,10
06057,7472.1809052,4.1969630966,5.7061673508,9.9713567888,81.25745121,15.8,29.9,11.1
06059,5325.418567,3.9887161662,4.8861825085,6.756190689,72.67207609,10.9,25.7,10.4
06061,5085.9506432,4.0292717971,5.5327164011,7.2048868761,80.81959605,11.5,25.8,8.9
06063,8791.7606587,4.4888151391,5.9971818689,11.368921503,72.8802589,13.3,29.099999999999998,13.3
06065,7817.2946057,4.7291408701,5.1861482777,4.357488696,62.71224175,11.5,34,11.1
06067,7615.5062798,4.3810038219,5.7506778647,7.3729507395,68.09244665,13,33.900000000000006,11.799999999999999
06069,6316.422011,4.5562402476,5.4984397518,3.9953239912,72.65625,11.3,29.099999999999998,10.6
06071,9377.7099479,4.7999234243,5.344298245,4.4583106923,60.771995739999994,12.6,35.099999999999994,12.2
06073,5726.724331,4.2125006923,5.1757758592,6.5716218262,69.76440285999999,10.2,25.4,10.9
06075,5634.0409149,3.5653854023,4.9838956952,9.7719426498,67.95976527,8.799999999999999,17.7,11.200000000000001
06077,8729.5107709,4.7593553809,5.3343957372,4.5258052845,61.68181138,12.5,33.800000000000004,12.7
06079,6205.5911463,4.158978579,5.6141617993,8.4747866233,72.49676585,11.200000000000001,28.199999999999996,10.7
06081,4006.435541,3.5587320238,4.5999810964,6.4455875839,74.02335907999999,8.799999999999999,21.4,8.5
06083,6122.9359008,4.4493582659,5.7093387333,7.6830007413,70.56053535,9.5,31.6,11.799999999999999
06085,4125.4737001,3.4196133338,4.4969653925,6.1412815449,72.53930763999999,8.799999999999999,22,8.799999999999999
06087,5482.157239,4.1656520646,5.6473201937,7.67863222,74.54489307,11.5,29.4,11.600000000000001
06089,10558.411247,4.5794343765,6.0982117995,8.6221190516,68.32083517000001,13.700000000000001,28.7,13.900000000000002
06091,4389.3184297,4.5433854961,5.9407641131,0,79.30184805,15.1,31.3,12.6
06093,13488.219943,4.9610577697,6.3536196316,9.8488318827,69.29003689999999,15.9,32.9,15.5
06095,7384.6121829,4.153693374,5.4126439916,5.1030981823,65.75229153,13.200000000000001,32.800000000000004,10
06097,5996.9731849,4.2864017166,5.8335424596,7.8939189889,75.15145573999999,10.5,28.299999999999997,10.5
06099,9308.6312939,4.9372258943,5.8547883225,5.5326289057,62.52661586,12.8,34.699999999999996,13.600000000000001
06101,8212.8302749,4.8225666666,5.7998645816,5.3805467854,68.65330435,16.400000000000002,32,14.299999999999999
06103,11335.91281,5.0064727262,6.3028740639,4.7513219404000004,61.853606029999995,16.7,32.5,15.2
06105,12353.942814,5.177041343,6.4608637209,5.0693872378,61.003898639999996,17.1,32.4,16.1
06107,9205.5434658,5.1482614641,5.6209162632,4.4812624596,56.25837834000001,15.4,38,16.6
06109,9372.1488896,4.5340033433,5.7618402392,7.8854229704,68.47877491,13.4,31,13.4
06111,5626.3683053,4.3904929606,5.5854982812,6.4976789714,74.19088811,10.7,28.9,10.5
06113,5727.9988216,4.3697577496,5.7711604079,6.7082367242,65.59293467,12.8,28.499999999999996,12.3
06115,9988.2992377,5.1780676205,6.3491799927,3.3210769778,56.88430699,15.6,32.6,14.499999999999998
