fips,n_districts,frl_total,pct_free_lunch,pct_reduced_lunch
06001,97,90509,86.52,13.48
06003,2,40,95,5
06005,2,1708,99.12,0.88
06007,34,25857,91.5,8.5
06009,6,4310,89.65,10.35
06011,7,3829,88.56,11.44
06013,38,70076,90.43,9.57
06015,3,2782,94.93,5.07
06017,26,14288,87.84,12.16
06019,56,162192,81.8,18.2
06021,10,4241,84.01,15.99
06023,44,10747,92.56,7.44
06025,20,44441,91.34,8.66
06027,7,1563,85.48,14.52
06029,60,154490,90.06,9.94
06031,31,34519,89.38,10.62
06033,10,7441,93.58,6.42
06035,13,2079,85.91,14.09
06037,390,883147,90.75,9.25
06039,19,30398,89.53,10.47
06041,26,12551,88.06,11.94
06043,7,1470,86.33,13.67
06045,25,10160,88.14,11.86
06047,28,46201,89.65,10.35
06049,4,1040,95.29,4.71
06051,6,2096,87.21,12.79
06053,34,66031,89.84,10.16
06055,10,13456,80.23,19.77
06057,16,6359,91.62,8.38
06059,66,208230,84.74,15.26
06061,32,28136,75.35,24.65
06063,5,1526,82.7,17.3
06065,62,327932,81.99,18.01
06067,57,145285,85.44,14.56
06069,19,15944,90.84,9.16
06071,75,263815,87.59,12.41
06073,157,233707,83.37,16.63
06075,21,33258,90.08,9.92
06077,42,98958,88.53,11.47
06079,18,32895,87.41,12.59
06081,46,30394,89.8,10.2
06083,30,40898,89.17,10.83
06085,79,97588,86.88,13.12
06087,16,19005,88.58,11.42
06089,36,13659,90.2,9.8
06091,2,213,83.57,16.43
06093,27,3731,90.57,9.43
06095,19,36933,81.14,18.86
06097,58,31236,85.29,14.71
06099,36,67540,89.42,10.58
06101,21,14792,86.95,13.05
06103,22,10673,88.31,11.69
06105,10,1065,82.25,17.75
06107,61,101783,92.57,7.43
06109,14,2832,92.16,7.84
06111,50,87203,84.57,15.43
06113,11,18443,85.59,14.41
06115,13,13657,90.19,9.81
