fips,county_name,poverty_rate,median_hh_income,unemployment_rate,snap_rate,rent_burden_rate,pct_no_hs,pct_hs_grad,pct_bachelor_plus,uninsured_rate,inactivity_pct,colorectal_screen_pct,diabetes_pct,mammography_pct,uninsured_places,smoking_pct,asthma_pct,hypertension_pct,depression_pct,copd_pct,obesity_pct,svi_overall,svi_socioeco,svi_hh_char,svi_minority,svi_housing,pct_poverty,pct_unemp_svi,pct_uninsured_svi,eji_overall,eji_env_burden,eji_social_vuln,eji_health_vuln,n_tracts,hpsa_prim_care,hpsa_dental,hpsa_mental_health,hpsa_any_shortage,hpsa_prim_care_designated,pct_lila_tracts,mean_dist_supermarket,pct_no_vehicle_far,premature_death,poor_health_days,poor_mental_days,social_associations,voter_turnout,adult_smoking,adult_obesity,food_insecurity,n_districts,frl_total,pct_free_lunch,pct_reduced_lunch
06001,"Alameda County, California",9.22,129367,5.36,9.93,48.2,3.24,13.78,52.25,4,20.6,59.5,11,74.5,7.1,9.3,8.8,28.5,18.6,4.1,22.8,0.2807,0.0877,0.0702,0.8421,0.8596,14.1,4.9,4,0.3978,0.6252,0.4267,0.0683,378,2,2,2,1,1,3.06,51.0556,1.57,5217.153956,3.8422362146,5.3320567738,7.0227262543,70.58904411,10.1,19.4,9.6,97,90509,86.52,13.48
06003,"Alpine County, California",9.96,105521,4.42,9.66,7.37,0,14.48,41.1,3.7,19.4,68.6,11.6,74.5,5.7,11,10.2,35.7,21.7,6.4,28.4,0.1579,0.1228,0.4386,0.4386,0.1579,18.3,4.9,6.4,0.6169,0.4801,0.6093,0.4,1,2,0,0,1,1,0,100,6.02,27650.288753,4.4077414406,5.8573248394,0,83.72881356,13.4,29.9,12.3,2,40,95,5
06005,"Amador County, California",8.19,88044,5.4,9.79,40.41,0.99,23.35,22.42,4.9,22.7,65,11.8,76.4,7.5,12.2,10,37.6,21.7,7.1,29.6,0.2281,0.2632,0.1754,0.1754,0.5088,14.8,6,4.8,0.6589,0.5983,0.5168,0.5,10,2,2,1,1,1,0,85.7348,3.05,7567.0889858,4.3934964947,5.7026042145,7.2442770212,69.36401803999999,13.3,27.3,11.1,2,1708,99.12,0.88
06007,"Butte County, California",19.25,67928,7.45,16.02,55.68,1.9,19.27,31.92,6.4,22.8,63.2,10.7,74.3,8.3,12.8,10.5,32.2,25.6,6.8,29.3,0.5965,0.6491,0.4561,0.2632,0.807,28.2,7.1,6.6,0.7,0.6492,0.6466,0.437,54,2,2,1,1,1,27.45,73.7921,2.31,9315.6316083,4.8944546293,6.1778189174,8.0076023984,59.72963483,14.2,31.5,14.6,34,25857,91.5,8.5
06009,"Calaveras County, California",13,78647,4.51,9.55,52.15,0.97,26.67,23.87,5,24.8,65.4,13.2,74.8,7.1,13.4,10.3,37.8,23.2,8.4,29.8,0.0702,0.4035,0.2807,0.0877,0,21.4,6.2,5.8,0.5232,0.3512,0.5076,0.5,14,2,2,1,1,1,0,88.3222,2.43,7926.2637477,4.7668852133,6.0115033085,8.8052745742,72.67959866,14.8,29.4,13.1,6,4310,89.65,10.35
06011,"Colusa County, California",11.39,75672,9.78,16.36,50.81,6.31,24.17,16.39,8,30.3,55.1,13.4,75,17.6,13.4,9.8,32,21.6,6.4,35,0.6842,0.7719,0.9825,0.7368,0.1053,22.6,7.4,9.1,0.7856,0.718,0.8868,0.3,6,1,2,1,1,1,20,73.6474,2.58,6184.0873816,5.2337210228,5.9830893069,5.0196221594,62.88309637,14.7,32.2,15.6,7,3829,88.56,11.44
06013,"Contra Costa County, California",8.36,127229,6.48,8.48,53.4,2.67,15.7,45.23,4.6,23.7,64,11.3,75.9,7.8,9.3,9.4,31.2,19.1,4.7,28,0.1754,0.1053,0.4211,0.6316,0.1404,13.5,5.8,4.7,0.3473,0.518,0.392,0.1071,241,2,2,2,1,1,7.25,64.3609,1.28,5577.0858174,3.9461303924,5.1478808915,5.4712065869,75.10785232,10.5,28.4,9.2,38,70076,90.43,9.57
06015,"Del Norte County, California",12.95,67058,6.36,22.8,54.23,1,20.41,21.39,5.5,25.6,61.7,12.5,73.6,9.7,15,10.8,36,23.5,8.1,31,0.614,0.5263,0.4737,0.4035,0.9298,25.3,6.3,6.1,0.597,0.2479,0.7223,0.525,8,1,2,1,1,1,28.57,82.5635,5.07,11532.764664,5.1262329692,6.1820699065,3.3232405288,55.84105314,19.2,33.800000000000004,14.6,3,2782,94.93,5.07
06017,"El Dorado County, California",7.99,108845,4.49,6.52,50.19,1.01,17.98,40.02,3.9,19.5,67.9,10.8,76.6,5.7,10.4,9.8,33.6,22.3,6,27.7,0.0175,0.0702,0.1053,0.1579,0.0175,13.7,4.6,4.2,0.3715,0.4225,0.3579,0.2764,55,2,2,1,1,1,4.76,86.762200000000007,1.7,6326.7138053,3.7839470727,5.2220606917,6.0733158228,79.80145644,10.6,24.8,9.9,26,14288,87.84,12.16
06019,"Fresno County, California",18.31,74201,8.67,21.84,51.96,5.02,20.09,24.27,6.7,30.9,54.3,12.7,71.6,14.6,13.2,9.9,31.7,21.4,6,37.7,0.9474,0.9123,0.8947,0.9123,0.8421,30.8,8.6,7.2,0.7056,0.7292,0.7306,0.3271,225,2,2,2,1,1,13.57,62.5668,1.94,9008.14375,5.0375110591,5.9953952187,5.4374058058,60.45525708,14.2,39,16.2,56,162192,81.8,18.2
06021,"Glenn County, California",15.95,67139,8.02,14.68,43.75,4.08,30.17,15.12,8.5,28,57.8,12.6,72.2,13.7,13.9,10.1,32.7,22.6,7.1,32.1,0.6667,0.8596,0.6842,0.5088,0.193,25.9,7.7,10.9,0.7843,0.7625,0.8078,0.325,8,2,2,1,1,1,33.33,85.4654,3.2,9722.9427626,5.1646725357,6.1463182226,9.1746356611,64.68365302,15.6,34.1,14.099999999999998,10,4241,84.01,15.99
06023,"Humboldt County, California",18.67,61160,8.98,21.01,55.81,1.26,19.4,33.13,4.9,23.7,61.4,11.4,72.5,7.5,14.2,11,32.9,26.1,7.6,31.3,0.6491,0.7544,0.5088,0.2105,0.6316,29.8,9.2,6.1,0.6173,0.3522,0.6733,0.5029,35,2,2,2,1,1,23.33,69.5552,2.27,9668.4104689,4.8996975061,6.3216521423,9.110436264,64.38137099,17.299999999999997,33.1,15.8,44,10747,92.56,7.44
06025,"Imperial County, California",19.53,57681,12.46,28.65,49.61,4.79,21.15,16.07,6,35.2,49.3,15,71.8,22.1,12.9,9.2,33.2,19.9,5.7,34.7,1,1,1,1,0.9825,35.5,13.2,6.8,0.769,0.5986,0.8609,0.445,40,2,2,1,1,1,29.03,71.6599,2.65,8703.3035356,5.7002900254,5.8926336354,4.7002736231,54.87452251,14.000000000000002,38.5,21,20,44441,91.34,8.66
06027,"Inyo County, California",10.88,73991,2.47,8.53,31.47,0.44,23.06,31.5,7,22.9,66,12.4,75.5,7.9,12,10.2,35.1,22.2,6.9,28.2,0.2982,0.2456,0.3509,0.4211,0.3684,19.7,4.9,6.7,0.5363,0.3394,0.685,0.3333,6,2,2,2,1,1,16.67,77.2001,1.74,10430.905432,4.5787598072,5.7494464163,5.3424511166,69.83799705,13.8,29.9,12.9,7,1563,85.48,14.52
06029,"Kern County, California",19.11,70210,8.57,20.16,52.64,4,24.29,18.77,7.8,31.9,52.7,13.3,73.4,16.7,14.6,10.3,32,22.8,6.4,36,0.9649,0.9474,0.807,0.7895,0.9649,32.2,8.4,7.8,0.6735,0.6861,0.6896,0.3373,236,2,2,2,1,1,17.88,62.7459,1.97,10697.187205,5.0315084453,5.7283201794,4.2571399879,57.62618445,16.6,35.9,15.9,60,154490,90.06,9.94
06031,"Kings County, California",15.98,70995,9.86,19.99,45.05,3.18,25.83,13.64,7.3,30.4,54.2,12.1,73,17.6,14.8,9.8,30.4,21.1,5.9,34.7,0.8947,0.8947,0.8246,0.8246,0.7018,27.8,9.2,7.4,0.7077,0.7644,0.7451,0.2903,31,2,2,1,1,1,18.52,69.9735,1.17,8187.5172369,5.184848728,5.9941440804,3.5952177068,47.051062,16.3,31.9,15.1,31,34519,89.38,10.62
06033,"Lake County, California",16.97,60621,11.05,24.32,55.62,1.74,24.1,17.83,6.9,27.8,62.6,14.1,72.7,10.1,15.2,10.8,39.6,24,9.1,32.7,0.7544,0.8421,0.7895,0.2982,0.3333,28.5,10.4,6.5,0.6629,0.2768,0.7571,0.6286,21,2,2,2,1,1,6.67,80.4036,2.94,12236.877358,5.0091885569,6.1170745601,5.7192298104,59.92512479,14.099999999999998,30.7,15.4,10,7441,93.58,6.42
06035,"Lassen County, California",13.96,67403,8.3,13.4,40.24,1.63,22.01,13.09,6.4,26.1,59.3,11.5,73,12,15.9,10.3,33.7,22.9,7.6,34.2,0.5614,0.7018,0.3158,0.3509,0.614,23.6,7.9,7.4,0.6204,0.3947,0.7082,0.4444,9,2,2,1,1,1,33.33,83.1192,2.01,11257.584967,5.0749773825,6.1640001677,4.6816479401,48.97650664,16.900000000000002,32.800000000000004,13.7,13,2079,85.91,14.09
06037,"Los Angeles County, California",13.74,90112,7.26,14.43,54.83,4.68,18.16,36.01,8.2,26.2,53,12.6,74.4,11.7,11.2,9.1,30.2,19,4.9,26.5,0.8596,0.8246,0.386,0.9649,0.9474,22.7,7,9,0.6536,0.8264,0.6224,0.1853,2495,2,2,2,1,1,2.61,47.7146,1.06,6746.4426092,4.6108325173,5.5694706835,6.1196538924,66.96921155999999,10.6,26.200000000000003,13.2,390,883147,90.75,9.25
06039,"Madera County, California",19.2,76627,10.1,21.74,52.23,5.97,20.23,17.91,7.4,31.7,57.4,13.5,73,17.9,14.8,10.4,33.2,21.8,7.2,36.5,0.9298,0.9298,0.9649,0.7719,0.6491,30.9,11.1,7.6,0.7376,0.6894,0.7604,0.3765,34,2,2,1,1,1,13.04,81.6762,2.72,8647.5122922,5.5914420532,6.2436376222,4.4304113419,57.55972148,15.2,35.199999999999996,15.8,19,30398,89.53,10.47
06041,"Marin County, California",8.31,149091,6.09,5.45,52.91,2.32,8.98,61.13,3.8,18.2,65.4,10.2,78.3,5.5,8.2,9.4,32.6,20.6,5.3,21.3,0.0526,0.0526,0.1228,0.2281,0.2105,10.4,5.8,3.7,0.2388,0.313,0.3114,0.1903,62,2,2,2,1,1,0,53.8283,0.56,4149.4124394,3.8047724355,5.0332974498,9.0228030842,84.034837,7.5,23.5,8.7,26,12551,88.06,11.94
06043,"Mariposa County, California",14.04,68412,5.96,13.36,42.8,0.72,17.45,31.81,5.2,24.6,65.7,13.5,70.3,7.3,12.6,10.3,39,22.6,8.4,30.5,0.5439,0.4737,0.7544,0.1228,0.6667,24.4,6.2,7.2,0.6248,0.3857,0.675,0.4667,6,2,2,1,1,1,0,93.3568,2.49,9759.3288204,4.6375876299,5.9768592698,8.2256169213,73.08922858,16.900000000000002,32.300000000000004,14.3,7,1470,86.33,13.67
06045,"Mendocino County, California",15.36,68092,9.02,17.43,49.71,2.57,23.89,25.15,7.7,26,61.7,13.7,74.3,10.3,14.3,10.6,38.5,23,8.5,29.3,0.8772,0.8772,0.8772,0.3684,0.7719,25.4,9.1,9.2,0.6814,0.4246,0.7945,0.4696,23,2,2,2,1,1,30,71.957,2.4,10092.92427,4.8391460871,6.2375346228,8.2420948286,69.46069397,14.499999999999998,29.4,15.1,25,10160,88.14,11.86
06047,"Merced County, California",19.09,65510,10.54,21.04,46.93,5.94,26.32,15.33,8.1,33.2,53.2,13,68.9,18.2,14.1,9.8,31.2,21.5,6.1,33.8,0.9825,0.9825,0.9474,0.9649,0.7895,30,10.7,9,0.7981,0.7773,0.8261,0.3492,63,2,2,1,1,1,26.53,63.4323,2.26,8849.4618855,5.377656236,5.9190111447,3.6205148717,59.51235542,18,34.5,16.6,28,46201,89.65,10.35
06049,"Modoc County, California",17.9,59455,7.56,13.96,33.51,2.59,26.33,24.82,10,27.5,64.9,14.9,74.5,8.6,14.8,10.8,41.3,23.9,9.9,31.9,0.5789,0.5789,0.7193,0.1404,0.5789,27.2,7.6,8.7,0.8199,0.5373,0.7951,0.65,4,1,2,1,1,1,50,89.2053,0.98,13302.421752,4.9370595823,6.1582357202,3.5248501939,63.86764706,14.099999999999998,30,15.1,4,1040,95.29,4.71
06051,"Mono County, California",8.55,99415,3.02,4.63,40.38,0.79,18.33,32.15,8.8,21.5,62.7,10.5,77.4,8.2,11.7,9.9,31.5,22.8,6,31.2,0.1404,0.3333,0,0.3333,0.5088,15.6,1.9,14.7,0.4223,0.363,0.5892,0.2,4,2,2,1,1,1,0,85.3497,2.16,4738.8510165,4.3092847695,5.6681806171,3.8526737556,66.15611193,12.6,29.1,10.3,6,2096,87.21,12.79
06053,"Monterey County, California",12.73,97230,5.04,9.63,53.11,4.36,17.37,28.21,9.6,27,57.7,12.5,72.6,15.9,11.9,9.6,32,19.2,5.7,31.1,0.807,0.6316,0.614,0.8947,0.8772,21.5,5.3,9.9,0.456,0.4017,0.6171,0.2175,103,2,2,2,1,1,3.23,56.5503,0.97,6114.4568796,4.8677469588,5.8128527499,5.5214412117,69.230087,13.900000000000002,32.800000000000004,13,34,66031,89.84,10.16
06055,"Napa County, California",8.46,111471,5.2,6.88,52.19,4.39,14.68,39.79,5.7,23.5,63.1,11.4,73.8,9.7,10.4,9.5,33,20.8,5.7,27.9,0.4386,0.2281,0.4035,0.4912,0.7193,14.1,5.2,6.1,0.4054,0.4224,0.5326,0.17,40,2,2,2,1,1,0,66.591,1.98,5209.6739061,4.1255434229,5.3078431818,7.8183172003,74.98830744,12.9,28.7,10,10,13456,80.23,19.77
06057,"Nevada County, California",11.01,89882,5.42,8.06,51.42,0.99,16.44,41.55,5.3,20.4,66.8,11.5,76.9,5.6,11,10.2,37.5,23,7.2,27.5,0.0351,0.1754,0.1404,0.0175,0.0702,17.4,4.4,5.6,0.5148,0.5649,0.4131,0.3615,26,2,2,1,1,1,30,88.5437,1.53,7472.1809052,4.1969630966,5.7061673508,9.9713567888,81.25745121,15.8,29.9,11.1,16,6359,91.62,8.38
06059,"Orange County, California",9.5,116289,5.4,8.49,54.01,3.41,15.5,44.08,6.4,24.1,58.2,11.5,79.6,8.9,9.2,9,29.1,19,4.7,23.9,0.3684,0.3509,0.2982,0.6491,0.4211,16.1,5.4,6.9,0.5039,0.7565,0.4599,0.0972,613,2,2,2,1,1,1.03,49.5687,0.62,5325.418567,3.9887161662,4.8861825085,6.756190689,72.67207609,10.9,25.7,10.4,66,208230,84.74,15.26
06061,"Placer County, California",6.76,115998,4.77,5.73,54.77,1.08,15.49,43.18,3.2,19.1,63.6,9.8,80,5.6,9.4,9.9,32.7,21.3,5.2,27.3,0,0,0.2281,0.2456,0.0175,11,4.3,3.3,0.3882,0.6213,0.3059,0.1674,92,2,2,2,1,1,4.76,73.6121,1.47,5085.9506432,4.0292717971,5.5327164011,7.2048868761,80.81959605,11.5,25.8,8.9,32,28136,75.35,24.65
06063,"Plumas County, California",10.6,66031,9.13,13.47,42.97,1.23,25.94,22.55,5.8,24,69.2,13.5,80.2,6.4,13,10.6,40.4,23.4,8.7,29.9,0.1228,0.2807,0.2632,0.0351,0.1228,18,8,5,0.5793,0.3708,0.5272,0.5429,7,2,2,1,1,1,0,80.604,1.67,8791.7606587,4.4888151391,5.9971818689,11.368921503,72.8802589,13.3,29.1,13.3,5,1526,82.7,17.3
06065,"Riverside County, California",10.62,93074,6.47,12.53,56.22,3.28,23.6,25.57,7.7,27.3,55.9,12.4,79.5,12.7,11.5,9.5,33.3,21.7,5.4,36.8,0.614,0.614,0.6667,0.7544,0.4035,19.7,6.7,8.1,0.5329,0.5333,0.607,0.2375,518,2,2,2,1,1,13.47,70.0542,1.25,7817.2946057,4.7291408701,5.1861482777,4.357488696,62.71224175,11.5,34,11.1,62,327932,81.99,18.01
06067,"Sacramento County, California",12.5,92175,6.69,14.21,53.3,3.62,18.56,34.13,4.9,21.5,61.1,11.2,71.7,8.7,11.8,10.2,30.9,22.5,5.6,29.6,0.5263,0.4211,0.6491,0.614,0.4737,20.9,6.3,5.2,0.6024,0.7605,0.5389,0.2303,363,2,2,2,1,1,7.89,59.8745,1.24,7615.5062798,4.3810038219,5.7506778647,7.3729507395,68.09244665,13,33.900000000000006,11.8,57,145285,85.44,14.56
06069,"San Benito County, California",6.67,114394,5.38,10.55,44.67,3.16,23.34,24.09,6,25.3,59.5,11.3,74.6,13.9,10.9,9.2,29.9,20.2,4.7,31.5,0.2632,0.3158,0.5614,0.807,0.0877,14.4,6.2,6.2,0.3578,0.4426,0.5392,0.0667,12,2,2,2,1,1,36.36,62.5529,1.11,6316.422011,4.5562402476,5.4984397518,3.9953239912,72.65625,11.3,29.1,10.6,19,15944,90.84,9.16
06071,"San Bernardino County, California",13.35,85478,7.01,15.82,55.41,3.48,25.3,23.3,8,26.3,54.3,12.1,73.9,14.3,12.3,9.9,31.9,19.6,5.2,33.3,0.8246,0.807,0.5965,0.9474,0.5965,23.5,7.2,8.6,0.6306,0.6659,0.6491,0.2768,466,2,2,2,1,1,21.74,65.5199,2.04,9377.7099479,4.7999234243,5.344298245,4.4583106923,60.771995739999994,12.6,35.099999999999994,12.2,75,263815,87.59,12.41
06073,"San Diego County, California",10.28,106268,5.81,9.95,55.29,2.75,15.45,43.16,6.4,20.6,61.4,10,76.3,8.7,10,8.9,28.7,21.1,4.7,25.3,0.4912,0.4386,0.2281,0.5439,0.7368,17.5,6.3,7.3,0.4335,0.5751,0.4767,0.1293,736,2,2,2,1,1,3.99,58.9695,0.83,5726.724331,4.2125006923,5.1757758592,6.5716218262,69.76440285999999,10.2,25.4,10.9,157,233707,83.37,16.63
06075,"San Francisco County, California",11.15,140970,6.09,11.42,37.79,3.78,9.68,60.34,3.3,19.2,61.9,10.2,78.6,6.3,8.8,8.4,27,19.4,3.9,17.2,0.3158,0.1228,0.0526,0.6842,0.8772,16.2,5.4,3.6,0.3696,0.6122,0.4048,0.0645,242,2,2,2,1,1,1.54,32.5994,6.89,5634.0409149,3.5653854023,4.9838956952,9.7719426498,67.95976527,8.799999999999999,17.7,11.2,21,33258,90.08,9.92
06077,"San Joaquin County, California",12.41,92179,7.55,15.59,50.46,4.88,23.6,22.75,6.3,26.1,52.5,12.3,76.6,12.8,12.6,9.5,30.4,19.6,5.5,30.7,0.7368,0.5614,0.7719,0.8772,0.5614,21.8,7.2,6.5,0.666,0.7864,0.6725,0.2241,174,2,2,2,1,1,10.07,59.9739,1.62,8729.5107709,4.7593553809,5.3343957372,4.5258052845,61.68181138,12.5,33.800000000000004,12.7,42,98958,88.53,11.47
06079,"San Luis Obispo County, California",12.91,97446,5.46,8.19,54.04,1.45,15.64,39.84,5.7,20.1,64.8,10,76.6,7.5,10.2,9.9,31.8,22.8,5.8,26.1,0.2105,0.2105,0.193,0.2807,0.3509,18.2,5,5.9,0.3441,0.3139,0.4979,0.2145,69,2,2,2,1,1,1.89,71.9426,1.27,6205.5911463,4.158978579,5.6141617993,8.4747866233,72.49676585,11.2,28.199999999999996,10.7,18,32895,87.41,12.59
06081,"San Mateo County, California",6.71,158855,4.77,5.07,46.39,3.03,12.82,53.67,3.8,20.2,63.9,10.6,79.3,6.6,8,8.5,29.2,18.1,4,22.3,0.0877,0.0175,0.0175,0.7018,0.4912,10.3,4.5,3.8,0.3123,0.571,0.3408,0.0428,173,2,2,2,1,1,0,47.0782,0.87,4006.435541,3.5587320238,4.5999810964,6.4455875839,74.02335907999999,8.799999999999999,21.4,8.5,46,30394,89.8,10.2
06083,"Santa Barbara County, California",14.74,98161,6.34,10.89,54.78,3.82,14.76,36.81,8.7,24.1,61.8,10.8,71.4,11.7,10.7,9.7,30.4,21.7,5.6,26.1,0.8421,0.6667,0.5789,0.5965,1,22.6,6,9.6,0.5026,0.5234,0.5854,0.2,108,2,2,2,1,1,4.49,60.5557,0.85,6122.9359008,4.4493582659,5.7093387333,7.6830007413,70.56053535,9.5,31.6,11.8,30,40898,89.17,10.83
06085,"Santa Clara County, California",7.11,164281,4.86,6.58,43.32,3.1,11.76,56.5,3.9,22.2,58.7,10.5,78.7,6.8,8.1,7.9,27,17.8,3.5,21.9,0.193,0.0351,0.0351,0.8596,0.7544,11,4.4,4,0.3855,0.6751,0.3744,0.0426,408,2,2,2,1,1,1.61,49.3041,0.96,4125.4737001,3.4196133338,4.4969653925,6.1412815449,72.53930763999999,8.799999999999999,22,8.799999999999999,79,97588,86.88,13.12
06087,"Santa Cruz County, California",11.62,111093,6.12,9.89,48.74,2.14,13.33,43.94,4.9,20.7,64,10.2,77.9,8.7,10,9.8,30.5,22.8,5.4,25.8,0.3509,0.2807,0.1579,0.4561,0.807,17.9,5.9,5.4,0.3977,0.4587,0.4986,0.1739,69,2,2,2,1,1,13.46,64.9559,1.49,5482.157239,4.1656520646,5.6473201937,7.67863222,74.54489307,11.5,29.4,11.6,16,19005,88.58,11.42
06089,"Shasta County, California",13.29,72636,6.31,13.43,49.15,1.39,22.84,23.77,6.5,22.2,61.7,11.7,73.4,7.1,13.8,10.8,35.9,24.3,7.6,29.3,0.5088,0.4912,0.7018,0.1053,0.5439,21.6,6.6,6.6,0.6869,0.6247,0.6105,0.48,50,2,2,1,1,1,22.92,79.3386,2.43,10558.411247,4.5794343765,6.0982117995,8.6221190516,68.32083517000001,13.7,28.7,13.900000000000002,36,13659,90.2,9.8
06091,"Sierra County, California",4.44,63355,12.63,9.76,25.59,0,18.51,25.81,13.7,27.3,66.4,15.3,78.4,7.5,15.1,10.6,42.8,23.2,10.2,32.5,0.1053,0.4561,0.2105,0,0.0526,19.8,5.6,10.9,0.7571,0.7006,0.6759,0.4,1,1,0,1,1,1,0,100,4.1,4389.3184297,4.5433854961,5.9407641131,0,79.30184805,15.1,31.3,12.6,2,213,83.57,16.43
06093,"Siskiyou County, California",16.38,59095,7.88,15.48,52.21,1,23.77,23.33,6,25.8,62.7,13.9,73.8,7.6,14.4,11,39.4,24,9.1,31.8,0.4737,0.5965,0.5263,0.193,0.2982,26.9,7.4,7.1,0.7686,0.556,0.7112,0.625,16,2,2,1,1,1,35.71,83.8155,3.67,13488.219943,4.9610577697,6.3536196316,9.8488318827,69.29003689999999,15.9,32.9,15.5,27,3731,90.57,9.43
06095,"Solano County, California",9.99,100401,6.31,11.35,57.2,2.65,20.9,28.76,4.8,25.1,60.5,12.1,77.1,9.1,11.3,10.1,33.3,19.4,5.3,31.3,0.3333,0.193,0.6316,0.7193,0.2632,14.8,5.9,4.9,0.4118,0.5041,0.4986,0.142,100,2,2,2,1,1,4.17,61.6441,0.83,7384.6121829,4.153693374,5.4126439916,5.1030981823,65.75229153,13.2,32.800000000000004,10,19,36933,81.14,18.86
06097,"Sonoma County, California",8.89,104674,5.69,8.01,51.66,2.66,16.45,38.49,5.1,21.2,62.8,10.7,77,8.4,10.6,9.8,31.6,22.9,5.8,26.1,0.2456,0.1579,0.3333,0.386,0.3158,14.4,5.2,5.6,0.3748,0.4068,0.4646,0.1983,121,2,2,2,1,1,4.04,59.8816,1.16,5996.9731849,4.2864017166,5.8335424596,7.8939189889,75.15145573999999,10.5,28.299999999999997,10.5,58,31236,85.29,14.71
06099,"Stanislaus County, California",13.53,81468,7.97,15.52,50.42,4.25,25.57,19.65,5.6,30.3,56.4,11.9,77.3,14,13.4,10,31.8,20.9,6.1,36.4,0.7193,0.7368,0.8421,0.6491,0.2807,23.7,8.2,6.1,0.7143,0.7987,0.7035,0.2786,112,2,2,2,1,1,9.57,53.5951,1.52,9308.6312939,4.9372258943,5.8547883225,5.5326289057,62.52661586,12.8,34.699999999999996,13.6,36,67540,89.42,10.58
06101,"Sutter County, California",14.43,79704,7.05,13.17,49.13,5.69,20.96,20.91,6.4,27.7,54.4,12.8,72.4,11.9,13.9,10,33.3,21.5,6.8,29.5,0.7719,0.7193,0.9298,0.5789,0.2456,23.6,7.6,6.2,0.7286,0.8275,0.741,0.2286,21,2,2,1,1,1,19.05,72.4415,2.22,8212.8302749,4.8225666666,5.7998645816,5.3805467854,68.65330435,16.400000000000002,32,14.3,21,14792,86.95,13.05
06103,"Tehama County, California",15.56,63784,5.84,13.95,49.74,2.02,27.19,19.29,6.6,27.4,59.7,13,72.8,10.8,15.1,10.7,35.9,24.1,8.4,31.6,0.7018,0.6842,0.9123,0.3158,0.4386,28,7.4,6.6,0.8386,0.7154,0.7972,0.5714,14,2,2,1,1,1,54.55,86.3643,3.39,11335.91281,5.0064727262,6.3028740639,4.7513219404000004,61.853606029999995,16.7,32.5,15.2,22,10673,88.31,11.69
06105,"Trinity County, California",20.7,53002,8.33,11.08,25.4,0.52,32.88,22.41,9.3,28.4,63.4,15.9,73.2,7,16.9,11,43.7,24.8,11.3,33.3,0.4211,0.5439,0.4737,0.0702,0.1754,34,7.4,13.2,0.7502,0.3752,0.765,0.65,4,2,2,1,1,1,40,93.3144,4.51,12353.942814,5.177041343,6.4608637209,5.0693872378,61.00389864,17.1,32.4,16.1,10,1065,82.25,17.75
06107,"Tulare County, California",17.89,71300,9.3,24.1,46.88,5.59,24.11,16.64,8.1,32.6,49.6,13.1,73.7,18.2,14,10,31.2,22.3,6.1,35,0.9123,0.9649,0.8596,0.9298,0.386,31.5,9,7.9,0.7985,0.8298,0.8074,0.3282,103,2,2,1,1,1,20.51,61.0761,1.64,9205.5434658,5.1482614641,5.6209162632,4.4812624596,56.25837834000001,15.4,38,16.6,61,101783,92.57,7.43
06109,"Tuolumne County, California",10.44,77404,8.22,11.73,53.67,0.98,20.45,24.61,5.3,23,67.6,12.1,77.2,7,12.3,10.3,36.8,23.6,7.6,29,0.4035,0.5088,0.3684,0.0526,0.4561,17.9,8.3,6,0.616,0.4586,0.5934,0.4556,18,2,2,1,1,1,0,89.3714,2.19,9372.1488896,4.5340033433,5.7618402392,7.8854229704,68.47877491,13.4,31,13.4,14,2832,92.16,7.84
06111,"Ventura County, California",9.34,109797,5.67,8.54,55.59,3.06,17.07,36.13,7.3,23.6,62,11.4,75.2,10.3,10.4,9.5,30.7,20.6,5.2,25.7,0.386,0.386,0.5263,0.5614,0.2281,15.6,5.3,8.2,0.4718,0.6008,0.5104,0.1545,189,2,2,2,1,1,5.2,57.8375,0.86,5626.3683053,4.3904929606,5.5854982812,6.4976789714,74.19088811,10.7,28.9,10.5,50,87203,84.57,15.43
06113,"Yolo County, California",16.69,91752,6.09,13.13,55.42,2.49,15.38,44.81,4.8,22.4,60.8,9.3,71.7,8.9,9.8,9.8,26,23.6,4.7,25.7,0.4561,0.3684,0.0877,0.5263,0.9123,24.7,5.3,4.7,0.4732,0.6626,0.487,0.1208,53,2,2,2,1,1,2.44,49.0966,0.77,5727.9988216,4.3697577496,5.7711604079,6.7082367242,65.59293467,12.8,28.499999999999996,12.3,11,18443,85.59,14.41
06115,"Yuba County, California",14.18,76373,6.4,19.26,48.68,4.58,23.18,17.74,6.4,26,58.5,11.3,76,11,14.5,10.4,30.9,23.7,6.5,30.8,0.7895,0.7895,0.7368,0.4737,0.6842,25.5,7.4,6.9,0.7039,0.7038,0.6884,0.3684,19,2,2,1,1,1,28.57,79.6692,3,9988.2992377,5.1780676205,6.3491799927,3.3210769778,56.88430699,15.6,32.6,14.499999999999998,13,13657,90.19,9.81
